[
  {
    "name": "A K M Mazharul Islam",
    "designation": "Professor, Department of Anthropology",
    "institute": "Shahjalal University of Science and Technology",
    "email": "akmmislam@gmail.com",
    "cell": "+8801711346909",
    "website": "http://www.sust.edu/d/anp/faculty-profile-detail/342",
    "index": 2
  },
  {

    "name": "Dr. Mohammad Muhshin Aziz Khan",
    "designation": "Professor, Department of Industrial and Production Engineering",
    "institute": "Shahjalal University of Science and Technology",
    "email": "muhshin-ipe@sust.edu",
    "cell": "+8801611012105",
    "website": "http://www.sust.edu/d/ipe/faculty-profile-detail/313",
    "index": 3
  },
  {
    "name": "Dr. Zayeda Sharmin",
    "designation": "Professor, Department of Political Studies",
    "institute": "Shahjalal University of Science and Technology",
    "email": "zsharmin-psa@sust.edu",
    "cell": "+8801735562516",
    "website": "http://www.sust.edu/d/pss/faculty-profile-detail/419",
    "index": 4
  },
  {
    "name": "Mohammad Abdullah-Al-Shoeb",
    "designation": "Associate Professor, Department of Biochemistry and Molecular Biology",
    "institute": "Shahjalal University of Science and Technology",
    "email": "maashoeb-bmb@sust.edu",
    "cell": "+8801787501398",
    "website": "http://www.sust.edu/d/bmb/faculty-profile-detail/25",
    "index": 5
  },
  {
    "name": "Professor Amina Pervin",
    "designation": "Treasurer",
    "institute": "Shahjalal University of Science and Technology",
    "email": "apervin-scw@sust.edu",
    "cell": "+8801712375748",
    "website": "http://www.sust.edu/d/scw/faculty-profile-detail/450",
    "index": 1
  }
]
